File path, Num rect
0000_00532_b.jpg
0000_02187_b.jpg,1
0000_05696_b.jpg,1
0000_06886_b.jpg,1
0000_08244_b.jpg,1
0001_05318_b.jpg,1
0002_02183_b.jpg
0002_02554_b.jpg,1
0003_02063_b.jpg,1
0003_07398_b.jpg,1
0004_06801_b.jpg,1
0005_00490_b.jpg,1
0005_00512_b.jpg,1
0005_02171_b.jpg
0006_05286_b.jpg,1
0006_06035_b.jpg,1
0006_06797_b.jpg,1
0007_02188_b.jpg,1
0007_05159_b.jpg,1
0009_00490_b.jpg,1
0009_02194_b.jpg,1
0009_05325_b.jpg,1
0010_00004_b.jpg,1
0010_02063_b.jpg,1
0011_00515_b.jpg,1
0012_04539_b.jpg,1
0013_05647_b.jpg,1
0014_02176_b.jpg,1
0017_00195_b.jpg,1
0018_07248_b.jpg
0019_01137_b.jpg,1
0019_02163_b.jpg,1
0019_06895_b.jpg
0020_00536_b.jpg,1
0020_02063_b.jpg,1
0020_07156_b.jpg
0021_06361_b.jpg
0022_01753_b.jpg,1
0023_05798_b.jpg,1
0025_00457_b.jpg
0027_06458_b.jpg
0028_00196_b.jpg,1
0028_07031_b.jpg
0028_08102_b.jpg,1
0031_07285_b.jpg,1
0036_00507_b.jpg
0038_01762_b.jpg,1
0038_08198_b.jpg,1
0039_01689_b.jpg
0039_04131_b.jpg,1
0039_05169_b.jpg,1
0041_00436_b.jpg
0041_00486_b.jpg,1
0041_00507_b.jpg,1
0041_00697_b.jpg,1
0041_00951_b.jpg
0041_04542_b.jpg
0041_05679_b.jpg,1
0042_01141_b.jpg,1
0042_01746_b.jpg,1
0042_01875_b.jpg,1
0042_05741_b.jpg,1
0043_01133_b.jpg
0043_01757_b.jpg,1
0043_01879_b.jpg,1
0044_04330_b.jpg,1
0045_01558_b.jpg,1
0045_01674_b.jpg,1
0045_01821_b.jpg,1
0046_00961_b.jpg
0046_01762_b.jpg,1
0046_06241_b.jpg,1
0046_06635_b.jpg,1
0047_00717_b.jpg
0047_00966_b.jpg
0047_00970_b.jpg
0047_01152_b.jpg,1
0047_01868_b.jpg,1
0047_03046_b.jpg,1
0048_01264_b.jpg,1
0048_01689_b.jpg
0048_01752_b.jpg
0048_02005_b.jpg,1
0049_03047_b.jpg,1
0049_04098_b.jpg,1
0049_04676_b.jpg,1
0050_01152_b.jpg,1
0051_00959_b.jpg,1
0051_01757_b.jpg,1
0052_05252_b.jpg,1
0053_01877_b.jpg,1
0053_04375_b.jpg,1
0054_00940_b.jpg
0054_03047_b.jpg
0054_04076_b.jpg
0054_05482_b.jpg,1
0054_05705_b.jpg,1
0054_06642_b.jpg,1
0054_06669_b.jpg,1
0055_01981_b.jpg
0056_01153_b.jpg
0056_01595_b.jpg
0056_05671_b.jpg
0057_01126_b.jpg,1
0057_04356_b.jpg,1
0057_05184_b.jpg,1
0057_06324_b.jpg,1
0058_00594_b.jpg,1
0058_01145_b.jpg
0058_01153_b.jpg,1
0058_02021_b.jpg,1
0058_05613_b.jpg
0059_04445_b.jpg
0059_04971_b.jpg,1
0059_06835_b.jpg,1
0100_00168_b.jpg
0100_00252_b.jpg,1
0100_01126_b.jpg,1
0100_01595_b.jpg,1
0100_08183_b.jpg,1
0101_00088_b.jpg,1
0101_01261_b.jpg,1
0101_01391_b.jpg
0101_01715_b.jpg,1
0101_05739_b.jpg
0101_07107_b.jpg,1
0102_00398_b.jpg,1
0102_04296_b.jpg,1
0102_04565_b.jpg,1
0102_06556_b.jpg,1
0102_07105_b.jpg,1
0102_07390_b.jpg,1
0103_01261_b.jpg
0103_01697_b.jpg
0103_05539_b.jpg,1
0103_06841_b.jpg,1
0104_00171_b.jpg,1
0104_08083_b.jpg,1
0105_01594_b.jpg
0106_00586_b.jpg,1
0106_08292_b.jpg,1
0107_00252_b.jpg,1
0108_00929_b.jpg,1
0108_00973_b.jpg
0108_05849_b.jpg,1
0109_01594_b.jpg,1
0109_02232_b.jpg,1
0109_04995_b.jpg,1
0110_00060_b.jpg
0110_00252_b.jpg
0110_01653_b.jpg
0110_01670_b.jpg
0110_01967_b.jpg
0110_04515_b.jpg,1
0111_01678_b.jpg
0111_05692_b.jpg,1
0112_00522_b.jpg,1
0112_01081_b.jpg,1
0112_01913_b.jpg
0112_05816_b.jpg
0112_06759_b.jpg,1
0113_00687_b.jpg,1
0113_04405_b.jpg,1
0113_08001_b.jpg,1
0114_00145_b.jpg
0114_00442_b.jpg,1
0114_05537_b.jpg
0114_05671_b.jpg
0115_01636_b.jpg,1
0115_01853_b.jpg,1
0115_01928_b.jpg
0115_01937_b.jpg,1
0115_02514_b.jpg,1
0115_06646_b.jpg,1
0115_08259_b.jpg,1
0116_00148_b.jpg,1
0116_00818_b.jpg,1
0116_00986_b.jpg,1
0116_02019_b.jpg,1
0116_04019_b.jpg,1
0116_04147_b.jpg,1
0117_00060_b.jpg,1
0117_00091_b.jpg,1
0117_00148_b.jpg,1
0117_01160_b.jpg,1
0117_05755_b.jpg
0118_00092_b.jpg
0118_00095_b.jpg,1
0118_00750_b.jpg,1
0118_00754_b.jpg,1
0118_00818_b.jpg
0118_00942_b.jpg
0118_01640_b.jpg
0118_01967_b.jpg,1
0118_01998_b.jpg,1
0118_04709_b.jpg,1
0118_07169_b.jpg
0118_08084_b.jpg
0119_00145_b.jpg,1
0119_01947_b.jpg,1
0119_02023_b.jpg
0119_02244_b.jpg,1
0119_02246_b.jpg,1
0119_02501_b.jpg,1
0119_06336_b.jpg,1
0120_00060_b.jpg,1
0120_00061_b.jpg,1
0120_00262_b.jpg,1
0120_00591_b.jpg,1
0120_01073_b.jpg
0120_02089_b.jpg
0120_04228_b.jpg,1
0120_04673_b.jpg
0120_06890_b.jpg,1
0120_07193_b.jpg,1
0120_08370_b.jpg,1
0121_00375_b.jpg,1
0121_00503_b.jpg,1
0121_00820_b.jpg,1
0121_00920_b.jpg,1
0121_02555_b.jpg,1
0121_04617_b.jpg,1
0121_04848_b.jpg,1
0121_06062_b.jpg,1
0121_06228_b.jpg,1
0121_06796_b.jpg,1
0121_07251_b.jpg,1
0122_00091_b.jpg,1
0122_00752_b.jpg,1
0122_00983_b.jpg,1
0122_01404_b.jpg,1
0122_02548_b.jpg,1
0122_05233_b.jpg,1
0122_05419_b.jpg,1
0122_07108_b.jpg,1
0123_00754_b.jpg,1
0123_00918_b.jpg,1
0123_01841_b.jpg,1
0123_01939_b.jpg
0123_02088_b.jpg
0123_04299_b.jpg,1
0123_05055_b.jpg,1
0123_05664_b.jpg
0123_06125_b.jpg,1
0124_00307_b.jpg,1
0124_00323_b.jpg
0124_00779_b.jpg,1
0124_00806_b.jpg,1
0124_00942_b.jpg
0124_01377_b.jpg,1
0124_01853_b.jpg
0124_02016_b.jpg,1
0124_04420_b.jpg,1
0124_04443_b.jpg,1
0124_04666_b.jpg,1
0124_06079_b.jpg,1
0124_06343_b.jpg,1
0125_00127_b.jpg
0125_00375_b.jpg,1
0125_00786_b.jpg,1
0125_00984_b.jpg,1
0125_01920_b.jpg,1
0125_02237_b.jpg,1
0125_02242_b.jpg,1
0125_04420_b.jpg,1
0125_05869_b.jpg
0125_06196_b.jpg,1
0126_00061_b.jpg,1
0126_00136_b.jpg,1
0126_00940_b.jpg,1
0126_04109_b.jpg,1
0126_04483_b.jpg,1
0126_05624_b.jpg,1
0126_05966_b.jpg,1
0126_06118_b.jpg,1
0126_06297_b.jpg,1
0127_00055_b.jpg,1
0127_01738_b.jpg,1
0127_01915_b.jpg,1
0127_01968_b.jpg
0127_04803_b.jpg,1
0127_08112_b.jpg
0128_00503_b.jpg,1
0128_00733_b.jpg,1
0128_01676_b.jpg,1
0128_02532_b.jpg,1
0128_02555_b.jpg,1
0128_04019_b.jpg
0128_05556_b.jpg,1
0128_06831_b.jpg,1
0128_07208_b.jpg
0128_08102_b.jpg
0129_00608_b.jpg,1
0129_00633_b.jpg,1
0129_00751_b.jpg,1
0129_00806_b.jpg,1
0129_00819_b.jpg,1
0129_01074_b.jpg,1
0129_02529_b.jpg
0129_06028_b.jpg,1
0129_06048_b.jpg,1
0129_06692_b.jpg,1
0129_06900_b.jpg,1
0129_07029_b.jpg
0130_00538_b.jpg,1
0130_00760_b.jpg
0130_00833_b.jpg
0130_01078_b.jpg,1
0130_05460_b.jpg,1
0131_00223_b.jpg,1
0131_00329_b.jpg,1
0131_00436_b.jpg
0131_00635_b.jpg,1
0131_00660_b.jpg,1
0131_00733_b.jpg,1
0131_00774_b.jpg,1
0131_00942_b.jpg,1
0131_00954_b.jpg,1
0131_02540_b.jpg,1
0131_02584_b.jpg,1
0131_04891_b.jpg,1
0131_05287_b.jpg,1
0131_05638_b.jpg
0131_07186_b.jpg,1
0132_00984_b.jpg,1
0132_02227_b.jpg
0132_04142_b.jpg,1
0132_04633_b.jpg
0132_04704_b.jpg,1
0132_04939_b.jpg,1
0132_05835_b.jpg,1
0132_06084_b.jpg
0132_08092_b.jpg,1
0133_01915_b.jpg,1
0133_02013_b.jpg,1
0133_02544_b.jpg,1
0133_02608_b.jpg,1
0133_04344_b.jpg,1
0133_04876_b.jpg,1
0133_05630_b.jpg,1
0133_05979_b.jpg,1
0134_00217_b.jpg
0134_00408_b.jpg
0134_00579_b.jpg,1
0134_00660_b.jpg,1
0134_01049_b.jpg
0134_01670_b.jpg,1
0134_02562_b.jpg
0134_05469_b.jpg,1
0134_05943_b.jpg,1
0134_07394_b.jpg
0135_00503_b.jpg
0135_00957_b.jpg,1
0135_01754_b.jpg,1
0135_03054_b.jpg
0135_08228_b.jpg,1
0136_00205_b.jpg,1
0136_00507_b.jpg
0136_00659_b.jpg,1
0136_01022_b.jpg,1
0136_01678_b.jpg,1
0136_02503_b.jpg
0136_02540_b.jpg,1
0136_02545_b.jpg,1
0136_05068_b.jpg,1
0136_06222_b.jpg
0136_07165_b.jpg,1
0137_00194_b.jpg,1
0137_01124_b.jpg
0137_01848_b.jpg,1
0137_01947_b.jpg,1
0137_02503_b.jpg,1
0137_02601_b.jpg,1
0137_05575_b.jpg,1
0137_06221_b.jpg,1
0137_06297_b.jpg
0137_06846_b.jpg,1
0137_08135_b.jpg,1
0138_00196_b.jpg,1
0138_00331_b.jpg,1
0138_01676_b.jpg,1
0138_04418_b.jpg
0138_04577_b.jpg,1
0138_04710_b.jpg,1
0138_05001_b.jpg,1
0138_05250_b.jpg,1
0139_00214_b.jpg
0139_01915_b.jpg,1
0139_02551_b.jpg
0139_04415_b.jpg,1
0139_05267_b.jpg
0139_05725_b.jpg,1
0139_06601_b.jpg,1
0139_06709_b.jpg
0139_07138_b.jpg,1
0139_07305_b.jpg,1
0139_07352_b.jpg,1
0139_08121_b.jpg
0139_09523_b.jpg,1
0140_00057_b.jpg,1
0140_00065_b.jpg
0140_02257_b.jpg,1
0140_02522_b.jpg,1
0140_02549_b.jpg,1
0140_02608_b.jpg,1
0140_04869_b.jpg,1
0140_06114_b.jpg,1
0140_07349_b.jpg,1
0141_00373_b.jpg,1
0141_00718_b.jpg,1
0141_02242_b.jpg
0141_04084_b.jpg,1
0141_04768_b.jpg,1
0141_05568_b.jpg,1
0141_05722_b.jpg,1
0142_00253_b.jpg,1
0142_00769_b.jpg,1
0142_01632_b.jpg,1
0142_01919_b.jpg,1
0142_02093_b.jpg,1
0142_02613_b.jpg
0142_06535_b.jpg
0143_01360_b.jpg,1
0143_01861_b.jpg,1
0143_02079_b.jpg,1
0143_02510_b.jpg
0143_02523_b.jpg,1
0143_02624_b.jpg,1
0143_04342_b.jpg
0143_04789_b.jpg,1
0143_04794_b.jpg,1
0143_05732_b.jpg,1
0143_05783_b.jpg,1
0143_05857_b.jpg,1
0143_06806_b.jpg,1
0143_07365_b.jpg,1
0143_08168_b.jpg,1
0143_08257_b.jpg,1
0144_00053_b.jpg,1
0144_00471_b.jpg,1
0144_01003_b.jpg,1
0144_02007_b.jpg,1
0144_02519_b.jpg
0144_02600_b.jpg,1
0144_02609_b.jpg,1
0144_02616_b.jpg,1
0144_04987_b.jpg,1
0144_08012_b.jpg,1
0145_00462_b.jpg
0145_00573_b.jpg,1
0145_02531_b.jpg,1
0145_02546_b.jpg,1
0145_04083_b.jpg,1
0145_04181_b.jpg,1
0145_04373_b.jpg,1
0145_05660_b.jpg,1
0146_00588_b.jpg,1
0146_01335_b.jpg,1
0146_01640_b.jpg,1
0146_02557_b.jpg,1
0146_04190_b.jpg
0146_05460_b.jpg
0146_06245_b.jpg,1
0146_06747_b.jpg,1
0147_00127_b.jpg,1
0147_00208_b.jpg,1
0147_00438_b.jpg,1
0147_02217_b.jpg,1
0147_02236_b.jpg,1
0147_02536_b.jpg,1
0147_02594_b.jpg
0147_02600_b.jpg,1
0147_04388_b.jpg,1
0147_04452_b.jpg,1
0147_05075_b.jpg
0147_05135_b.jpg
0147_06572_b.jpg
0147_06954_b.jpg,1
0147_06999_b.jpg,1
0147_08012_b.jpg,1
0148_00001_b.jpg,1
0148_00310_b.jpg,1
0148_02583_b.jpg,1
0148_02602_b.jpg,1
0148_04580_b.jpg,1
0148_07249_b.jpg
0148_08252_b.jpg,1
0149_00951_b.jpg,1
0149_04489_b.jpg,1
0149_04597_b.jpg,1
0149_04664_b.jpg,1
0149_04677_b.jpg,1
0149_05370_b.jpg,1
0149_05849_b.jpg,1
0149_06285_b.jpg,1
0149_06389_b.jpg,1
0149_06587_b.jpg,1
0149_08181_b.jpg
0150_00416_b.jpg,1
0150_00460_b.jpg,1
0150_01054_b.jpg,1
0150_01360_b.jpg
0150_01377_b.jpg,1
0150_01640_b.jpg,1
0150_02256_b.jpg,1
0150_04096_b.jpg,1
0150_04187_b.jpg,1
0150_04802_b.jpg,1
0150_04829_b.jpg
0150_05844_b.jpg,1
0150_05851_b.jpg
0150_06837_b.jpg,1
0150_08257_b.jpg,1
0151_00052_b.jpg,1
0151_02013_b.jpg,1
0151_02019_b.jpg,1
0151_04111_b.jpg,1
0151_05192_b.jpg,1
0151_07240_b.jpg,1
0151_08171_b.jpg,1
0151_08249_b.jpg,1
0152_00001_b.jpg,1
0152_00988_b.jpg,1
0152_01985_b.jpg,1
0152_06205_b.jpg,1
0152_08092_b.jpg,1
0153_00460_b.jpg,1
0153_00906_b.jpg,1
0153_02505_b.jpg,1
0153_02530_b.jpg,1
0153_02574_b.jpg,1
0153_03025_b.jpg,1
0153_04351_b.jpg,1
0153_05328_b.jpg,1
0153_06070_b.jpg,1
0154_00518_b.jpg,1
0154_00769_b.jpg
0154_01990_b.jpg
0154_02212_b.jpg
0154_02257_b.jpg,1
0154_02580_b.jpg,1
0154_03021_b.jpg,1
0154_05226_b.jpg
0154_06496_b.jpg,1
0154_07191_b.jpg,1
0155_00047_b.jpg,1
0155_00418_b.jpg,1
0155_01305_b.jpg,1
0155_01524_b.jpg,1
0156_04102_b.jpg,1
0156_07336_b.jpg,1
0157_00083_b.jpg,1
0157_00096_b.jpg,1
0157_00906_b.jpg,1
0157_01727_b.jpg,1
0157_01915_b.jpg,1
0157_02500_b.jpg,1
0157_02592_b.jpg,1
0157_05295_b.jpg,1
0158_00834_b.jpg,1
0158_01702_b.jpg,1
0158_05358_b.jpg,1
0158_05596_b.jpg
0158_06483_b.jpg,1
0158_06500_b.jpg,1
0158_06656_b.jpg,1
0158_08078_b.jpg,1
0159_00418_b.jpg,1
0159_02276_b.jpg,1
0159_02500_b.jpg
0159_02577_b.jpg,1
0159_03023_b.jpg,1
0159_04714_b.jpg,1
0159_04916_b.jpg,1
0159_05256_b.jpg
0200_04363_b.jpg,1
0200_05891_b.jpg,1
0200_06533_b.jpg,1
0200_08054_b.jpg,1
0200_08319_b.jpg,1
0200_08375_b.jpg,1
0201_04010_b.jpg,1
0201_05010_b.jpg,1
0201_05131_b.jpg,1
0201_05320_b.jpg,1
0201_06401_b.jpg,1
0202_03024_b.jpg,1
0202_04129_b.jpg
0202_04179_b.jpg,1
0202_04264_b.jpg,1
0202_04589_b.jpg,1
0202_04805_b.jpg,1
0202_05672_b.jpg
0203_00419_b.jpg,1
0203_00488_b.jpg,1
0203_01062_b.jpg
0203_02003_b.jpg,1
0203_04832_b.jpg,1
0203_05531_b.jpg,1
0203_06622_b.jpg
0203_09520_b.jpg,1
0204_05256_b.jpg,1
0204_07385_b.jpg,1
0205_00471_b.jpg,1
0205_00866_b.jpg,1
0205_04086_b.jpg
0205_04478_b.jpg,1
0205_05743_b.jpg,1
0205_06486_b.jpg,1
0205_07100_b.jpg,1
0205_07244_b.jpg,1
0205_08135_b.jpg,1
0206_00158_b.jpg,1
0206_04440_b.jpg,1
0206_05783_b.jpg,1
0206_07127_b.jpg,1
0206_07238_b.jpg
0206_08036_b.jpg
0207_00521_b.jpg,1
0207_01409_b.jpg,1
0207_04185_b.jpg,1
0207_04299_b.jpg
0207_04411_b.jpg,1
0207_06374_b.jpg,1
0207_07240_b.jpg,1
0208_01163_b.jpg,1
0208_01987_b.jpg,1
0208_04293_b.jpg,1
0208_05067_b.jpg,1
0208_06253_b.jpg,1
0208_06505_b.jpg,1
0208_06556_b.jpg
0208_07011_b.jpg,1
0209_02619_b.jpg,1
0209_04147_b.jpg,1
0209_04404_b.jpg,1
0209_04563_b.jpg,1
0209_04828_b.jpg,1
0209_05225_b.jpg,1
0209_05405_b.jpg,1
0209_06283_b.jpg,1
0209_06894_b.jpg,1
0209_08007_b.jpg
0209_08094_b.jpg,1
0209_08290_b.jpg,1
0210_01045_b.jpg,1
0210_02219_b.jpg,1
0210_04345_b.jpg,1
0210_04453_b.jpg
0210_04510_b.jpg,1
0210_05414_b.jpg
0210_06105_b.jpg,1
0210_07395_b.jpg,1
0210_08114_b.jpg,1
0211_00866_b.jpg,1
0211_01098_b.jpg,1
0211_01448_b.jpg,1
0211_04855_b.jpg,1
0211_05326_b.jpg,1
0211_07006_b.jpg,1
0211_08346_b.jpg,1
0212_00158_b.jpg,1
0212_00289_b.jpg
0212_01946_b.jpg,1
0212_02007_b.jpg,1
0212_04024_b.jpg,1
0212_06671_b.jpg,1
0212_07303_b.jpg,1
0213_00318_b.jpg,1
0213_01426_b.jpg
0213_02212_b.jpg,1
0213_02232_b.jpg,1
0213_04627_b.jpg,1
0214_04674_b.jpg,1
0214_05762_b.jpg,1
0214_06062_b.jpg
0215_01946_b.jpg,1
0215_04767_b.jpg
0215_04770_b.jpg
0215_05824_b.jpg
0215_05885_b.jpg,1
0215_06112_b.jpg,1
0215_06197_b.jpg,1
0216_04264_b.jpg,1
0216_04997_b.jpg,1
0217_00819_b.jpg,1
0217_04676_b.jpg
0217_05420_b.jpg,1
0217_05820_b.jpg,1
0218_00868_b.jpg,1
0218_01944_b.jpg,1
0218_06096_b.jpg,1
0219_01300_b.jpg,1
0219_02124_b.jpg,1
0219_02212_b.jpg
0219_05090_b.jpg
0219_05548_b.jpg,1
0219_05824_b.jpg,1
0219_06384_b.jpg,1
0219_06795_b.jpg,1
0220_05177_b.jpg
0220_06089_b.jpg,1
0220_06495_b.jpg,1
0220_06737_b.jpg
0220_06743_b.jpg
0220_06927_b.jpg,1
0220_08036_b.jpg,1
0221_01394_b.jpg,1
0221_02231_b.jpg
0221_04587_b.jpg
0221_05115_b.jpg,1
0221_05348_b.jpg,1
0221_06228_b.jpg,1
0221_06536_b.jpg,1
0221_06848_b.jpg
0221_07069_b.jpg,1
0221_08150_b.jpg,1
0222_00578_b.jpg,1
0222_01280_b.jpg,1
0222_04772_b.jpg,1
0222_05681_b.jpg
0222_05767_b.jpg,1
0222_06987_b.jpg,1
0222_07182_b.jpg,1
0222_07268_b.jpg
0222_08157_b.jpg
0223_04758_b.jpg,1
0223_05868_b.jpg
0223_06130_b.jpg,1
0223_07200_b.jpg,1
0224_01998_b.jpg,1
0224_02215_b.jpg
0224_04757_b.jpg
0224_04918_b.jpg,1
0224_07070_b.jpg,1
0225_01448_b.jpg,1
0225_01589_b.jpg,1
0225_05464_b.jpg,1
0225_06106_b.jpg
0225_06388_b.jpg,1
0225_06697_b.jpg,1
0226_01513_b.jpg,1
0226_06210_b.jpg,1
0227_06215_b.jpg,1
0227_06391_b.jpg,1
0227_07169_b.jpg,1
0227_08385_b.jpg,1
0228_01392_b.jpg,1
0228_01938_b.jpg,1
0228_05851_b.jpg,1
0228_06205_b.jpg
0228_08009_b.jpg
0229_04927_b.jpg,1
0229_05104_b.jpg,1
0229_05817_b.jpg,1
0229_05899_b.jpg,1
0229_06802_b.jpg,1
0230_01270_b.jpg,1
0230_02213_b.jpg,1
0230_06967_b.jpg,1
0231_04382_b.jpg,1
0231_04847_b.jpg,1
0231_04861_b.jpg
0231_05371_b.jpg
0231_05886_b.jpg
0231_08286_b.jpg,1
0232_07283_b.jpg,1
0233_02235_b.jpg,1
0233_04418_b.jpg,1
0233_05608_b.jpg,1
0233_05690_b.jpg
0233_05976_b.jpg,1
0233_06177_b.jpg,1
0233_06485_b.jpg,1
0234_02191_b.jpg,1
0234_04035_b.jpg,1
0234_04594_b.jpg
0234_04694_b.jpg,1
0234_05151_b.jpg
0234_05215_b.jpg,1
0234_06540_b.jpg,1
0235_00464_b.jpg
0235_01148_b.jpg,1
0235_04524_b.jpg,1
0235_04862_b.jpg,1
0235_06933_b.jpg,1
0236_02272_b.jpg,1
0236_04123_b.jpg
0236_04184_b.jpg,1
0236_04241_b.jpg
0236_04875_b.jpg
0236_05259_b.jpg
0236_05858_b.jpg
0236_08055_b.jpg,1
0236_08258_b.jpg,1
0237_00523_b.jpg
0237_02213_b.jpg,1
0237_04744_b.jpg,1
0237_04858_b.jpg,1
0237_08208_b.jpg
0238_00112_b.jpg,1
0238_01814_b.jpg,1
0238_01984_b.jpg,1
0238_03008_b.jpg,1
0238_04133_b.jpg,1
0238_04269_b.jpg
0238_04368_b.jpg,1
0238_04479_b.jpg,1
0238_06410_b.jpg
0238_07112_b.jpg,1
0238_08297_b.jpg
0239_00719_b.jpg
0239_01380_b.jpg
0239_04588_b.jpg,1
0239_04692_b.jpg,1
0239_04816_b.jpg,1
0239_05654_b.jpg
0239_05848_b.jpg,1
0239_05983_b.jpg,1
0239_06155_b.jpg,1
0240_02213_b.jpg,1
0240_04445_b.jpg,1
0240_05371_b.jpg,1
0240_05813_b.jpg
0240_05990_b.jpg,1
0240_06217_b.jpg
0240_06439_b.jpg,1
0240_06671_b.jpg,1
0240_06702_b.jpg
0241_02252_b.jpg,1
0241_04404_b.jpg
0241_04575_b.jpg,1
0241_05387_b.jpg,1
0241_06153_b.jpg,1
0241_06165_b.jpg,1
0241_06752_b.jpg
0241_06976_b.jpg
0241_06978_b.jpg,1
0241_08258_b.jpg,1
0242_01591_b.jpg,1
0242_01975_b.jpg,1
0242_04555_b.jpg,1
0242_05642_b.jpg,1
0242_05960_b.jpg,1
0242_06193_b.jpg,1
0242_06436_b.jpg,1
0242_06966_b.jpg,1
0242_07067_b.jpg,1
0242_08139_b.jpg,1
0243_04804_b.jpg,1
0243_04829_b.jpg,1
0243_05046_b.jpg,1
0243_05384_b.jpg,1
0243_05688_b.jpg,1
0243_06072_b.jpg,1
0243_06197_b.jpg
0243_06432_b.jpg,1
0243_07306_b.jpg,1
0243_07366_b.jpg,1
0243_08319_b.jpg,1
0244_00257_b.jpg,1
0244_00288_b.jpg,1
0244_04022_b.jpg,1
0244_04045_b.jpg
0244_04480_b.jpg,1
0244_05322_b.jpg,1
0244_05397_b.jpg,1
0244_06332_b.jpg
0244_06639_b.jpg,1
0245_00460_b.jpg,1
0245_01965_b.jpg,1
0245_04007_b.jpg,1
0245_04612_b.jpg,1
0245_04694_b.jpg,1
0245_04761_b.jpg,1
0245_05507_b.jpg,1
0245_06837_b.jpg,1
0246_01333_b.jpg,1
0246_02252_b.jpg,1
0246_04148_b.jpg,1
0246_04669_b.jpg
0246_04689_b.jpg,1
0246_04692_b.jpg,1
0246_04989_b.jpg
0246_05507_b.jpg,1
0246_07355_b.jpg,1
0247_03048_b.jpg,1
0247_04267_b.jpg,1
0247_04916_b.jpg
0247_06037_b.jpg,1
0247_06853_b.jpg,1
0247_08138_b.jpg,1
0248_01979_b.jpg,1
0248_02244_b.jpg,1
0248_04462_b.jpg,1
0248_04991_b.jpg,1
0248_06621_b.jpg,1
0248_08125_b.jpg,1
0249_00316_b.jpg
0249_00404_b.jpg,1
0249_00586_b.jpg,1
0249_00984_b.jpg
0249_02212_b.jpg,1
0249_04799_b.jpg
0249_05715_b.jpg,1
0249_05720_b.jpg,1
0249_05926_b.jpg,1
0249_06036_b.jpg
0249_07048_b.jpg,1
0249_08080_b.jpg,1
0249_08308_b.jpg,1
0249_08347_b.jpg,1
0250_02065_b.jpg
0250_04249_b.jpg,1
0250_04426_b.jpg,1
0250_06810_b.jpg,1
0250_07351_b.jpg,1
0251_01938_b.jpg,1
0251_04333_b.jpg
0251_04747_b.jpg,1
0251_05043_b.jpg,1
0251_06093_b.jpg
0251_06509_b.jpg,1
0251_07030_b.jpg,1
0251_07090_b.jpg,1
0252_01426_b.jpg,1
0252_05497_b.jpg,1
0252_05688_b.jpg,1
0252_06193_b.jpg
0252_08125_b.jpg
0253_01158_b.jpg,1
0253_01652_b.jpg,1
0253_04437_b.jpg
0253_05670_b.jpg,1
0253_05732_b.jpg,1
0253_05735_b.jpg
0253_05888_b.jpg,1
0253_06106_b.jpg
0253_06153_b.jpg,1
0253_06368_b.jpg
0253_07090_b.jpg
0254_02098_b.jpg,1
0254_04526_b.jpg,1
0254_04984_b.jpg,1
0254_05123_b.jpg,1
0254_05925_b.jpg
0254_07092_b.jpg,1
0254_08017_b.jpg
0255_03013_b.jpg
0255_04602_b.jpg,1
0255_04769_b.jpg
0255_05062_b.jpg,1
0255_05272_b.jpg,1
0255_05669_b.jpg
0255_06511_b.jpg,1
0255_07272_b.jpg
0256_03048_b.jpg,1
0256_04505_b.jpg,1
0256_04748_b.jpg,1
0256_04915_b.jpg
0256_05284_b.jpg,1
0256_06104_b.jpg,1
0256_06336_b.jpg,1
0256_06418_b.jpg,1
0256_06559_b.jpg,1
0256_06748_b.jpg,1
0256_06916_b.jpg,1
0256_07076_b.jpg,1
0256_08083_b.jpg,1
0257_03048_b.jpg,1
0257_04030_b.jpg,1
0257_04207_b.jpg,1
0257_04316_b.jpg,1
0257_04368_b.jpg,1
0257_05164_b.jpg
0257_05420_b.jpg,1
0257_06012_b.jpg,1
0257_06825_b.jpg,1
0257_08272_b.jpg,1
0258_00465_b.jpg
0258_02192_b.jpg,1
0258_04125_b.jpg
0258_04132_b.jpg,1
0258_04244_b.jpg,1
0258_05146_b.jpg,1
0258_05228_b.jpg,1
0258_05430_b.jpg,1
0258_05596_b.jpg,1
0258_05844_b.jpg,1
0258_05908_b.jpg,1
0258_05987_b.jpg,1
0258_06413_b.jpg
0258_06866_b.jpg,1
0258_07099_b.jpg,1
0259_00506_b.jpg,1
0259_02136_b.jpg,1
0259_04193_b.jpg,1
0259_04561_b.jpg,1
0259_05991_b.jpg,1
0259_06071_b.jpg,1
0259_06081_b.jpg,1
0259_06228_b.jpg,1
0300_04128_b.jpg,1
0300_05183_b.jpg
0300_05485_b.jpg,1
0300_05565_b.jpg,1
0300_06559_b.jpg,1
0300_06654_b.jpg,1
0300_06692_b.jpg
0300_06715_b.jpg,1
0300_07142_b.jpg,1
0300_07384_b.jpg,1
0300_08022_b.jpg,1
0301_01589_b.jpg,1
0301_02272_b.jpg,1
0301_04090_b.jpg,1
0301_06167_b.jpg,1
0301_06356_b.jpg,1
0301_06523_b.jpg,1
0301_06684_b.jpg
0301_06728_b.jpg
0301_07224_b.jpg,1
0301_08123_b.jpg,1
0302_00286_b.jpg,1
0302_01513_b.jpg,1
0302_02259_b.jpg,1
0302_04345_b.jpg
0302_04617_b.jpg,1
0302_05034_b.jpg,1
0302_05381_b.jpg,1
0302_06557_b.jpg,1
0302_07260_b.jpg
0302_08192_b.jpg,1
0302_08195_b.jpg
0302_08233_b.jpg,1
0302_08253_b.jpg,1
0303_01887_b.jpg,1
0303_06385_b.jpg,1
0303_06563_b.jpg,1
0303_06824_b.jpg,1
0303_07121_b.jpg,1
0304_04071_b.jpg,1
0304_04979_b.jpg,1
0304_05657_b.jpg,1
0304_05676_b.jpg,1
0304_06288_b.jpg
0304_06912_b.jpg
0304_07392_b.jpg,1
0304_07398_b.jpg,1
0305_01307_b.jpg,1
0305_04101_b.jpg
0305_04793_b.jpg,1
0305_06157_b.jpg,1
0305_08221_b.jpg,1
0305_08299_b.jpg,1
0306_04292_b.jpg,1
0306_05088_b.jpg,1
0306_05636_b.jpg,1
0306_07265_b.jpg,1
0306_07285_b.jpg,1
0307_04182_b.jpg,1
0307_04743_b.jpg
0307_05152_b.jpg,1
0307_05979_b.jpg,1
0307_06345_b.jpg,1
0308_01685_b.jpg,1
0308_05320_b.jpg,1
0308_05665_b.jpg,1
0308_06515_b.jpg,1
0308_06731_b.jpg
0308_06826_b.jpg,1
0308_06990_b.jpg
0308_07234_b.jpg
0309_05262_b.jpg,1
0309_06007_b.jpg,1
0309_06495_b.jpg,1
0309_07312_b.jpg,1
0310_05831_b.jpg,1
0310_06199_b.jpg
0310_06703_b.jpg,1
0310_07150_b.jpg
0311_04070_b.jpg,1
0311_04828_b.jpg,1
0311_05730_b.jpg,1
0311_05772_b.jpg
0311_06191_b.jpg,1
0311_08018_b.jpg,1
0311_08207_b.jpg,1
0312_00517_b.jpg,1
0312_05504_b.jpg,1
0312_05588_b.jpg,1
0312_05600_b.jpg
0312_07010_b.jpg,1
0312_08282_b.jpg,1
0313_04096_b.jpg,1
0313_04421_b.jpg,1
0313_04659_b.jpg,1
0313_04662_b.jpg,1
0313_05149_b.jpg,1
0313_05912_b.jpg
0313_05945_b.jpg,1
0313_05990_b.jpg,1
0313_06899_b.jpg,1
0313_07153_b.jpg,1
0314_05240_b.jpg,1
0314_06109_b.jpg,1
0314_08293_b.jpg,1
0315_04289_b.jpg,1
0315_04385_b.jpg,1
0315_04519_b.jpg,1
0315_06165_b.jpg,1
0315_08182_b.jpg,1
0316_04080_b.jpg
0316_04240_b.jpg,1
0316_04495_b.jpg,1
0316_04905_b.jpg,1
0316_05220_b.jpg,1
0316_05313_b.jpg,1
0316_06166_b.jpg,1
0316_06385_b.jpg,1
0316_06813_b.jpg,1
0316_06919_b.jpg,1
0316_07389_b.jpg,1
0316_08096_b.jpg,1
0317_01998_b.jpg,1
0317_04106_b.jpg,1
0317_04262_b.jpg,1
0317_04508_b.jpg,1
0317_08220_b.jpg
0318_04662_b.jpg,1
0318_05008_b.jpg,1
0318_05402_b.jpg
0318_05414_b.jpg,1
0318_06155_b.jpg,1
0319_06120_b.jpg,1
0319_06474_b.jpg,1
0319_08008_b.jpg,1
0319_08223_b.jpg,1
0320_04051_b.jpg,1
0320_04642_b.jpg,1
0320_05151_b.jpg,1
0320_05789_b.jpg,1
0320_06867_b.jpg,1
0320_07036_b.jpg
0320_08070_b.jpg,1
0321_02076_b.jpg,1
0321_07303_b.jpg,1
0321_08384_b.jpg,1
0322_05273_b.jpg,1
0322_05697_b.jpg,1
0323_01887_b.jpg,1
0323_05045_b.jpg,1
0323_05688_b.jpg,1
0323_06647_b.jpg,1
0323_07295_b.jpg
0323_07320_b.jpg,1
0323_08009_b.jpg,1
0324_00176_b.jpg
0324_05324_b.jpg,1
0324_05997_b.jpg,1
0324_06738_b.jpg,1
0324_06812_b.jpg,1
0325_00635_b.jpg,1
0325_01702_b.jpg,1
0325_06296_b.jpg,1
0325_06682_b.jpg,1
0326_02054_b.jpg,1
0326_04340_b.jpg,1
0326_04605_b.jpg,1
0326_04993_b.jpg,1
0326_05383_b.jpg,1
0326_05944_b.jpg,1
0326_06598_b.jpg,1
0326_06770_b.jpg
0326_07094_b.jpg,1
0326_08228_b.jpg,1
0327_00137_b.jpg,1
0327_06345_b.jpg,1
0327_06596_b.jpg,1
0327_06891_b.jpg,1
0327_07257_b.jpg,1
0328_05364_b.jpg,1
0328_06476_b.jpg,1
0329_03016_b.jpg,1
0329_05899_b.jpg,1
0329_07048_b.jpg,1
0330_02191_b.jpg,1
0330_05791_b.jpg,1
0330_06134_b.jpg,1
0330_06495_b.jpg,1
0330_06551_b.jpg,1
0330_06648_b.jpg,1
0330_06789_b.jpg
0331_01031_b.jpg,1
0331_05175_b.jpg,1
0331_05441_b.jpg,1
0331_05809_b.jpg,1
0332_01588_b.jpg,1
0332_05966_b.jpg,1
0332_06063_b.jpg,1
0332_06410_b.jpg,1
0332_06920_b.jpg,1
0333_00996_b.jpg,1
0333_04136_b.jpg,1
0333_05790_b.jpg,1
0333_08177_b.jpg,1
0334_05481_b.jpg
0334_05528_b.jpg,1
0334_06337_b.jpg,1
0335_00509_b.jpg,1
0335_04394_b.jpg,1
0335_04616_b.jpg,1
0335_06470_b.jpg,1
0335_06620_b.jpg,1
0335_06659_b.jpg,1
0336_04080_b.jpg,1
0336_04266_b.jpg,1
0336_04446_b.jpg,1
0336_06353_b.jpg,1
0336_06896_b.jpg,1
0336_06983_b.jpg,1
0337_05453_b.jpg,1
0338_05880_b.jpg,1
0338_07010_b.jpg,1
0339_02065_b.jpg,1
0339_06194_b.jpg,1
0339_06244_b.jpg,1
0339_06667_b.jpg,1
0339_06803_b.jpg,1
0339_06863_b.jpg,1
0339_08088_b.jpg,1
0340_04255_b.jpg,1
0340_05917_b.jpg,1
0340_08127_b.jpg,1
0341_04653_b.jpg,1
0341_06533_b.jpg,1
0342_05638_b.jpg,1
0342_06015_b.jpg,1
0342_06180_b.jpg,1
0342_06209_b.jpg,1
0342_06293_b.jpg,1
0343_02003_b.jpg,1
0343_04212_b.jpg,1
0343_05474_b.jpg,1
0344_04754_b.jpg,1
0345_00593_b.jpg,1
0346_06965_b.jpg,1
0348_08238_b.jpg,1
0349_00083_b.jpg,1
0350_06252_b.jpg,1
0350_08241_b.jpg,1
0351_00460_b.jpg,1
0351_06025_b.jpg,1
0351_07377_b.jpg,1
0352_04726_b.jpg,1
0353_04104_b.jpg,1
0353_05935_b.jpg,1
0353_07318_b.jpg,1
0354_04832_b.jpg,1
0354_05959_b.jpg,1
0354_06693_b.jpg,1
0354_08079_b.jpg,1
0355_04038_b.jpg,1
0355_06858_b.jpg,1
0356_04281_b.jpg,1
0356_04996_b.jpg,1
0356_05992_b.jpg,1
0356_06897_b.jpg,1
0357_04216_b.jpg,1
0357_04509_b.jpg,1
0357_04948_b.jpg,1
0358_01960_b.jpg,1
0358_04877_b.jpg,1
0358_05860_b.jpg,1
0358_06756_b.jpg,1
0359_01806_b.jpg,1
0359_01814_b.jpg,1
0359_05454_b.jpg,1
0359_06463_b.jpg,1
0359_07002_b.jpg,1
0359_08271_b.jpg,1
0400_00995_b.jpg,1
0400_04390_b.jpg,1
0400_05206_b.jpg
0400_05619_b.jpg
0400_06373_b.jpg,1
0401_05012_b.jpg,1
0401_06141_b.jpg,1
0401_06826_b.jpg,1
0402_04374_b.jpg,1
0402_05569_b.jpg,1
0403_04146_b.jpg,1
0403_04247_b.jpg,1
0403_06654_b.jpg,1
0403_07084_b.jpg,1
0403_07322_b.jpg,1
0403_08185_b.jpg,1
0404_00952_b.jpg,1
0405_04598_b.jpg,1
0405_04683_b.jpg,1
0405_04925_b.jpg,1
0405_05175_b.jpg,1
0405_05419_b.jpg,1
0405_05489_b.jpg,1
0405_06844_b.jpg,1
0406_04580_b.jpg,1
0406_07199_b.jpg,1
0407_01032_b.jpg,1
0407_04150_b.jpg,1
0407_05591_b.jpg,1
0407_05785_b.jpg,1
0407_06979_b.jpg,1
0408_01983_b.jpg,1
0408_04188_b.jpg,1
0408_04297_b.jpg,1
0408_04541_b.jpg,1
0408_06290_b.jpg,1
0408_06793_b.jpg,1
0409_02113_b.jpg,1
0409_04711_b.jpg,1
0409_05079_b.jpg
0409_06835_b.jpg,1
0409_08201_b.jpg,1
0410_04799_b.jpg,1
0410_05881_b.jpg,1
0411_00459_b.jpg,1
0411_04594_b.jpg,1
0411_04882_b.jpg,1
0411_05125_b.jpg,1
0411_05986_b.jpg,1
0411_06415_b.jpg,1
0412_02169_b.jpg,1
0412_05885_b.jpg,1
0412_06384_b.jpg,1
0412_06438_b.jpg,1
0413_02227_b.jpg,1
0413_04489_b.jpg,1
0413_05705_b.jpg,1
0413_05980_b.jpg,1
0413_06425_b.jpg,1
0414_04350_b.jpg,1
0414_05793_b.jpg,1
0415_00096_b.jpg,1
0415_05278_b.jpg,1
0415_05834_b.jpg,1
0415_06767_b.jpg,1
0415_07357_b.jpg,1
0416_05808_b.jpg,1
0416_06988_b.jpg,1
0416_08281_b.jpg,1
0417_04895_b.jpg,1
0417_06790_b.jpg,1
0417_07090_b.jpg
0418_00288_b.jpg,1
0418_04283_b.jpg
0418_04444_b.jpg,1
0418_05006_b.jpg,1
0418_05686_b.jpg
0418_06123_b.jpg,1
0419_04383_b.jpg,1
0419_05387_b.jpg,1
0420_01152_b.jpg,1
0420_04686_b.jpg,1
0420_05895_b.jpg,1
0420_06243_b.jpg,1
0420_06577_b.jpg,1
0420_08001_b.jpg,1
0421_00288_b.jpg,1
0421_04489_b.jpg,1
0421_05609_b.jpg,1
0421_06749_b.jpg,1
0421_07168_b.jpg
0421_08091_b.jpg,1
0421_08195_b.jpg,1
0422_05807_b.jpg,1
0422_06382_b.jpg,1
0422_06869_b.jpg
0423_04629_b.jpg,1
0423_04863_b.jpg,1
0423_06266_b.jpg,1
0424_00288_b.jpg,1
0424_04080_b.jpg,1
0424_04500_b.jpg,1
0424_04778_b.jpg,1
0424_06031_b.jpg,1
0424_07398_b.jpg,1
0425_04108_b.jpg,1
0425_04118_b.jpg,1
0425_04576_b.jpg
0425_04927_b.jpg,1
0425_05279_b.jpg,1
0425_05580_b.jpg
0425_07085_b.jpg,1
0425_07246_b.jpg,1
0426_05655_b.jpg,1
0426_06154_b.jpg,1
0426_06591_b.jpg,1
0427_01058_b.jpg,1
0427_04665_b.jpg,1
0427_05233_b.jpg,1
0427_05940_b.jpg,1
0427_06378_b.jpg,1
0427_06843_b.jpg,1
0427_07095_b.jpg,1
0427_08390_b.jpg,1
0428_04065_b.jpg,1
0428_04182_b.jpg,1
0428_04433_b.jpg,1
0428_04599_b.jpg,1
0428_05625_b.jpg,1
0428_05886_b.jpg,1
0428_05962_b.jpg,1
0428_06843_b.jpg,1
0428_06899_b.jpg,1
0428_07026_b.jpg,1
0428_07359_b.jpg,1
0428_08142_b.jpg
0429_01150_b.jpg,1
0429_04135_b.jpg,1
0429_04989_b.jpg,1
0429_05044_b.jpg,1
0429_05226_b.jpg,1
0429_05375_b.jpg,1
0429_05390_b.jpg,1
0429_05554_b.jpg,1
0429_05755_b.jpg,1
0429_06284_b.jpg,1
0429_07077_b.jpg,1
0429_07243_b.jpg,1
0429_08380_b.jpg,1
0430_01270_b.jpg,1
0430_04601_b.jpg,1
0430_04666_b.jpg
0430_05333_b.jpg,1
0430_05905_b.jpg
0430_05970_b.jpg,1
0430_06426_b.jpg,1
0430_06439_b.jpg,1
0430_06487_b.jpg,1
0430_07250_b.jpg,1
0430_08117_b.jpg
0430_08374_b.jpg,1
0431_05890_b.jpg,1
0432_04307_b.jpg
0432_05354_b.jpg,1
0432_05979_b.jpg,1
0432_06360_b.jpg,1
0432_08079_b.jpg
0432_08135_b.jpg,1
0432_08145_b.jpg,1
0433_02129_b.jpg,1
0433_04098_b.jpg,1
0433_04683_b.jpg,1
0433_04797_b.jpg
0433_05476_b.jpg,1
0433_07371_b.jpg,1
0434_04321_b.jpg,1
0434_04799_b.jpg,1
0434_05195_b.jpg,1
0434_06493_b.jpg,1
0435_01526_b.jpg,1
0435_02056_b.jpg,1
0435_04232_b.jpg,1
0436_01393_b.jpg
0436_04395_b.jpg,1
0436_05417_b.jpg,1
0437_04839_b.jpg,1
0437_05078_b.jpg,1
0438_04055_b.jpg,1
0438_04896_b.jpg,1
0438_05376_b.jpg,1
0438_05672_b.jpg,1
0438_05738_b.jpg,1
0438_05958_b.jpg,1
0438_06085_b.jpg,1
0438_08197_b.jpg,1
0439_04275_b.jpg,1
0439_05146_b.jpg,1
0439_05423_b.jpg
0439_05845_b.jpg,1
0439_06197_b.jpg,1
0439_06699_b.jpg,1
0439_06768_b.jpg,1
0439_07048_b.jpg,1
0439_07297_b.jpg,1
0440_04502_b.jpg,1
0440_04793_b.jpg,1
0440_05207_b.jpg,1
0440_06780_b.jpg,1
0440_08382_b.jpg,1
0441_02056_b.jpg,1
0441_04007_b.jpg,1
0441_04554_b.jpg,1
0441_06077_b.jpg,1
0442_00176_b.jpg
0442_01393_b.jpg,1
0442_05239_b.jpg,1
0442_05398_b.jpg,1
0442_05448_b.jpg,1
0442_06183_b.jpg
0442_09523_b.jpg,1
0443_04187_b.jpg,1
0443_04382_b.jpg,1
0443_04873_b.jpg,1
0443_05508_b.jpg,1
0443_06465_b.jpg,1
0444_00002_b.jpg
0444_00532_b.jpg,1
0444_04878_b.jpg,1
0444_06098_b.jpg,1
0444_06204_b.jpg,1
0444_06918_b.jpg,1
0444_08080_b.jpg,1
0444_08178_b.jpg,1
0444_08185_b.jpg,1
0445_04622_b.jpg,1
0445_04734_b.jpg,1
0445_05932_b.jpg,1
0445_05986_b.jpg,1
0445_06130_b.jpg,1
0445_06276_b.jpg,1
0446_01587_b.jpg
0446_04981_b.jpg,1
0446_05976_b.jpg
0446_06105_b.jpg,1
0447_06967_b.jpg,1
0448_01896_b.jpg,1
0448_01897_b.jpg,1
0448_04294_b.jpg,1
0448_08176_b.jpg,1
0449_04084_b.jpg,1
0449_05018_b.jpg,1
0449_06870_b.jpg,1
0450_02271_b.jpg
0450_05266_b.jpg,1
0450_05991_b.jpg,1
0450_06152_b.jpg,1
0450_06376_b.jpg,1
0451_04382_b.jpg,1
0451_04783_b.jpg,1
0451_07396_b.jpg,1
0451_08156_b.jpg,1
0452_02096_b.jpg,1
0452_05433_b.jpg,1
0452_06089_b.jpg,1
0453_00096_b.jpg
0453_05278_b.jpg,1
0453_05979_b.jpg
0453_06762_b.jpg,1
0453_06799_b.jpg
0453_07373_b.jpg,1
0454_04259_b.jpg,1
0454_04818_b.jpg,1
0454_04926_b.jpg,1
0454_06993_b.jpg,1
0454_08363_b.jpg,1
0455_01897_b.jpg,1
0455_02271_b.jpg,1
0455_06303_b.jpg,1
0455_08050_b.jpg,1
0456_04115_b.jpg,1
0456_05106_b.jpg,1
0456_05554_b.jpg,1
0456_06380_b.jpg,1
0457_05563_b.jpg
0457_06440_b.jpg,1
0457_08327_b.jpg,1
0458_04121_b.jpg,1
0458_04136_b.jpg,1
0458_04330_b.jpg,1
0458_04430_b.jpg,1
0458_05551_b.jpg,1
0458_06268_b.jpg,1
0458_06343_b.jpg,1
0458_06419_b.jpg
0459_00316_b.jpg,1
0459_04363_b.jpg
0459_04862_b.jpg,1
0459_05434_b.jpg,1
0459_05782_b.jpg,1
0459_05823_b.jpg,1
0459_07112_b.jpg,1
0459_07314_b.jpg,1
0459_08033_b.jpg,1
0500_01639_b.jpg,1
0500_01890_b.jpg
0500_06208_b.jpg,1
0500_06611_b.jpg,1
0500_07340_b.jpg,1
0500_08181_b.jpg
0501_05229_b.jpg,1
0501_05264_b.jpg,1
0501_05321_b.jpg,1
0501_05807_b.jpg
0501_05881_b.jpg,1
0501_05973_b.jpg,1
0501_06978_b.jpg,1
0502_01661_b.jpg,1
0502_04335_b.jpg,1
0502_05172_b.jpg,1
0502_05240_b.jpg,1
0502_05334_b.jpg,1
0502_05391_b.jpg
0502_06492_b.jpg,1
0502_06605_b.jpg,1
0502_06635_b.jpg,1
0502_06701_b.jpg,1
0502_06710_b.jpg,1
0502_07225_b.jpg,1
0503_04096_b.jpg,1
0503_04455_b.jpg,1
0503_04738_b.jpg,1
0503_04858_b.jpg
0503_05243_b.jpg
0503_05760_b.jpg,1
0503_06344_b.jpg,1
0503_06352_b.jpg
0504_01851_b.jpg,1
0504_05562_b.jpg,1
0504_05844_b.jpg,1
0504_05846_b.jpg,1
0504_06374_b.jpg,1
0504_06601_b.jpg,1
0504_06776_b.jpg,1
0505_00420_b.jpg,1
0505_04193_b.jpg,1
0505_04300_b.jpg,1
0505_04350_b.jpg,1
0505_04736_b.jpg
0505_04793_b.jpg,1
0505_04873_b.jpg,1
0505_05218_b.jpg,1
0505_05633_b.jpg,1
0505_05700_b.jpg,1
0505_06413_b.jpg,1
0505_06740_b.jpg,1
0505_06968_b.jpg
0506_02604_b.jpg,1
0506_05556_b.jpg,1
0506_06676_b.jpg,1
0506_06698_b.jpg,1
0506_06824_b.jpg,1
0506_06887_b.jpg
0506_07070_b.jpg,1
0507_00661_b.jpg,1
0507_06392_b.jpg,1
0507_08104_b.jpg
0508_04535_b.jpg,1
0508_05264_b.jpg,1
0508_05465_b.jpg,1
0508_06228_b.jpg,1
0508_06535_b.jpg,1
0508_06887_b.jpg,1
0508_07262_b.jpg,1
0508_07355_b.jpg,1
0508_07365_b.jpg,1
0508_08395_b.jpg,1
0509_01945_b.jpg,1
0509_04070_b.jpg,1
0509_04094_b.jpg,1
0509_05645_b.jpg,1
0510_05493_b.jpg,1
0510_05717_b.jpg,1
0510_06059_b.jpg,1
0510_06621_b.jpg,1
0510_07155_b.jpg,1
0510_07350_b.jpg,1
0511_02302_b.jpg,1
0511_04171_b.jpg,1
0511_04825_b.jpg
0511_05671_b.jpg,1
0511_05801_b.jpg,1
0511_05872_b.jpg,1
0511_07101_b.jpg
0512_04241_b.jpg,1
0512_04960_b.jpg,1
0512_05364_b.jpg,1
0512_05758_b.jpg,1
0512_06410_b.jpg,1
0512_08166_b.jpg,1
0512_08200_b.jpg,1
0512_08348_b.jpg,1
0512_09669_b.jpg,1
0513_00490_b.jpg,1
0513_02547_b.jpg,1
0513_05925_b.jpg,1
0513_06166_b.jpg,1
0513_06538_b.jpg,1
0513_08088_b.jpg,1
0513_08387_b.jpg,1
0514_04561_b.jpg,1
0514_04800_b.jpg,1
0514_06355_b.jpg,1
0514_06714_b.jpg,1
0514_07178_b.jpg,1
0514_08304_b.jpg,1
0515_01686_b.jpg,1
0515_04761_b.jpg,1
0515_07185_b.jpg,1
0516_00491_b.jpg
0516_04394_b.jpg,1
0516_05104_b.jpg,1
0516_05944_b.jpg,1
0516_06155_b.jpg,1
0516_06669_b.jpg
0516_08254_b.jpg,1
0516_08291_b.jpg,1
0517_01945_b.jpg,1
0517_05164_b.jpg,1
0517_05181_b.jpg,1
0517_05352_b.jpg
0517_06847_b.jpg,1
0517_08174_b.jpg,1
0518_04355_b.jpg,1
0518_04948_b.jpg,1
0518_05604_b.jpg,1
0518_07075_b.jpg,1
0518_07154_b.jpg,1
0518_08079_b.jpg,1
0519_00462_b.jpg,1
0519_02272_b.jpg,1
0519_02301_b.jpg
0519_02570_b.jpg,1
0519_02575_b.jpg,1
0519_04299_b.jpg
0519_04373_b.jpg,1
0519_04391_b.jpg,1
0519_04671_b.jpg,1
0519_05493_b.jpg,1
0519_05712_b.jpg,1
0519_05715_b.jpg,1
0519_06353_b.jpg,1
0519_06635_b.jpg,1
0519_06917_b.jpg
0519_08151_b.jpg,1
0519_08310_b.jpg,1
0520_00060_b.jpg,1
0520_04388_b.jpg,1
0520_04394_b.jpg,1
0520_05115_b.jpg,1
0520_05432_b.jpg,1
0520_05790_b.jpg,1
0520_06287_b.jpg,1
0520_06296_b.jpg
0520_07389_b.jpg,1
0521_04268_b.jpg,1
0521_04658_b.jpg
0521_05656_b.jpg,1
Elapsed (ms): 51901